<library _id='0' uuid='6409db98-d3bb-474a-ba90-f5b9360009fa' author='7e840175-f9c4-4886-a221-ef91e3493e27'>
  <folder>
    <libraryFolder _id='1'>
      <name>
        <translation lang='en' text='SN 74xx'/>
      </name>
      <items>
        <libraryFolder _id='2'>
          <name>
            <translation lang='en' text='Frequently used'/>
            <translation lang='de' text='Häufig verwendet'/>
          </name>
          <items>
            <baseLibraryElement _id='3' id='Switch'/>
            <baseLibraryElement _id='4' id='LED'/>
            <baseLibraryElement _id='5' id='Input'/>
            <baseLibraryElement _id='6' id='Output'/>
            <baseLibraryElement _id='7' id='AND'/>
            <baseLibraryElement _id='8' id='OR'/>
            <baseLibraryElement _id='9' id='NOT'/>
          </items>
        </libraryFolder>
        <libraryFolder _id='10'>
          <name>
            <translation lang='en' text='Net'/>
            <translation lang='de' text='Netz'/>
          </name>
          <items>
            <baseLibraryElement _id='11' id='Constant'/>
            <baseLibraryElement _id='12' id='Splitter'/>
            <baseLibraryElement _id='13' id='Concentrator'/>
            <baseLibraryElement _id='14' id='BidirectionalSplitter'/>
            <baseLibraryElement _id='15' id='Probe'/>
            <baseLibraryElement _id='16' id='Tunnel'/>
            <baseLibraryElement _id='17' id='Break'/>
            <baseLibraryElement _id='18' id='PullResistor'/>
            <baseLibraryElement _id='19' id='Transistor'/>
            <baseLibraryElement _id='20' id='Ground'/>
            <baseLibraryElement _id='21' id='Power'/>
            <baseLibraryElement _id='22' id='RealSwitch'/>
            <containerLibraryElement _id='24' uuid='39c2c9c7-f461-4800-baaf-8d1f7d575577'>
              <name>
                <translation lang='en' text='Bus Transceiver 4 Bit'/>
              </name>
            </containerLibraryElement>
            <containerLibraryElement _id='25' uuid='8c584d65-c513-45bf-9332-3e6211e95a5a'>
              <name>
                <translation lang='en' text='Bus Transceiver 8 Bit'/>
              </name>
            </containerLibraryElement>
          </items>
        </libraryFolder>
        <libraryFolder _id='26'>
          <name>
            <translation lang='en' text='Logical Gates'/>
            <translation lang='de' text='Logische Gatter'/>
          </name>
          <items>
            <baseLibraryElement _id='27' id='AND'/>
            <baseLibraryElement _id='28' id='OR'/>
            <baseLibraryElement _id='29' id='NOT'/>
            <baseLibraryElement _id='30' id='NAND'/>
            <baseLibraryElement _id='31' id='NOR'/>
            <baseLibraryElement _id='32' id='XOR'/>
            <baseLibraryElement _id='33' id='XNOR'/>
            <baseLibraryElement _id='34' id='Buffer'/>
            <baseLibraryElement _id='35' id='TriStateBuffer'/>
            <baseLibraryElement _id='36' id='Delay'/>
            <containerLibraryElement _id='37' uuid='2d7bbd36-5dca-4c71-9a27-19a3bfa81bc5'>
              <name>
                <translation lang='en' text='Pulse Generator'/>
                <translation lang='de' text='Impulsglied'/>
              </name>
            </containerLibraryElement>
            <containerLibraryElement _id='38' uuid='6b75bce8-f115-4154-a7d8-782b8f4b629a'>
              <name>
                <translation lang='en' text='Pulse Generator (Neg)'/>
                <translation lang='de' text='Impulsglied (Neg)'/>
              </name>
            </containerLibraryElement>
          </items>
        </libraryFolder>
        <libraryFolder _id='39'>
          <name>
            <translation lang='en' text='Input'/>
            <translation lang='de' text='Eingabe'/>
          </name>
          <items>
            <baseLibraryElement _id='40' id='Input'/>
            <baseLibraryElement _id='41' id='Switch'/>
            <baseLibraryElement _id='42' id='DipSwitch'/>
            <baseLibraryElement _id='43' id='Clock'/>
            <baseLibraryElement _id='44' id='Keyboard'/>
            <baseLibraryElement _id='45' id='Joystick'/>
          </items>
        </libraryFolder>
        <libraryFolder _id='46'>
          <name>
            <translation lang='en' text='Output'/>
            <translation lang='de' text='Ausgabe'/>
          </name>
          <items>
            <baseLibraryElement _id='47' id='Output'/>
            <baseLibraryElement _id='48' id='LED'/>
            <baseLibraryElement _id='49' id='RgbLED'/>
            <baseLibraryElement _id='50' id='SevenSegmentDisplay'/>
            <baseLibraryElement _id='51' id='LEDMatrix'/>
            <baseLibraryElement _id='52' id='Terminal'/>
            <containerLibraryElement _id='53' uuid='8cb1ea46-2a0d-4a1d-87af-02487049a050'>
              <name>
                <translation lang='en' text='8x8 LED Matrix with Ctrl'/>
                <translation lang='de' text='8x8 LED-Matrix mit Ctrl'/>
              </name>
            </containerLibraryElement>
          </items>
        </libraryFolder>
        <libraryFolder _id='54'>
          <name>
            <translation lang='en' text='Memory'/>
            <translation lang='de' text='Speicher'/>
          </name>
          <items>
            <baseLibraryElement _id='55' id='ROM'/>
            <baseLibraryElement _id='56' id='RAM'/>
            <containerLibraryElement _id='57' uuid='e802fb9c-82dc-4196-b266-79fa023fb12e'>
              <name>
                <translation lang='en' text='Register 4 Bit'/>
                <translation lang='de' text='Register 4-Bit'/>
              </name>
            </containerLibraryElement>
            <containerLibraryElement _id='58' uuid='2578848c-f03a-40d6-a7c4-6febf588e408'>
              <name>
                <translation lang='en' text='Register 16 Bit'/>
                <translation lang='de' text='Register 16-Bit'/>
              </name>
            </containerLibraryElement>
            <containerLibraryElement _id='59' uuid='ce8674e0-8778-419b-b459-d10d2a0678ab'>
              <name>
                <translation lang='en' text='Register 32 Bit'/>
                <translation lang='de' text='Register 32-Bit'/>
              </name>
            </containerLibraryElement>
            <containerLibraryElement _id='60' uuid='f8869bb7-cce3-4811-8f58-07eef9b04823'>
              <name>
                <translation lang='en' text='Register 8 Bit'/>
                <translation lang='de' text='Register 8-Bit'/>
              </name>
            </containerLibraryElement>
            <containerLibraryElement _id='61' uuid='2fa2c8a7-fc2d-4139-8f6b-bd4b07933916'>
              <name>
                <translation lang='en' text='Shift Register Parallel-Out 4 Bit'/>
                <translation lang='de' text='Schieberegister Parallel-Out 4-Bit'/>
              </name>
            </containerLibraryElement>
            <containerLibraryElement _id='62' uuid='38cc0a3a-c46c-4c1b-85ca-0fc6dab00289'>
              <name>
                <translation lang='en' text='Shift Register Parallel-Out 8 Bit'/>
                <translation lang='de' text='Schieberegister Parallel-Out 8-Bit'/>
              </name>
            </containerLibraryElement>
            <containerLibraryElement _id='63' uuid='2e062374-9367-4d33-af1d-4a512cdca4e6'>
              <name>
                <translation lang='de' text='Schieberegister Parallel-In 4-Bit'/>
                <translation lang='en' text='Shift Register Parallel-In 4 Bit'/>
              </name>
            </containerLibraryElement>
            <containerLibraryElement _id='64' uuid='ff9e0257-bbc2-4961-8d23-71565dac09b3'>
              <name>
                <translation lang='de' text='Schieberegister Parallel-In 8-Bit'/>
                <translation lang='en' text='Shift Register Parallel-In 8 Bit'/>
              </name>
            </containerLibraryElement>
          </items>
        </libraryFolder>
        <libraryFolder _id='65'>
          <name>
            <translation lang='en' text='Arithmetic'/>
            <translation lang='de' text='Arithmetik'/>
          </name>
          <items>
            <baseLibraryElement _id='66' id='Random'/>
            <containerLibraryElement _id='67' uuid='52255dc4-c010-4f6f-8ea6-9c2c8f5f9a82'>
              <name>
                <translation lang='en' text='Half Adder'/>
                <translation lang='de' text='Halbaddierer'/>
              </name>
            </containerLibraryElement>
            <containerLibraryElement _id='68' uuid='08aba425-96c2-4c43-b10b-2e0c72ce8300'>
              <name>
                <translation lang='en' text='Full Adder'/>
                <translation lang='de' text='Volladdierer'/>
              </name>
            </containerLibraryElement>
            <containerLibraryElement _id='69' uuid='81e0ad9b-4678-4e79-aeef-8f59b153f2e3'>
              <name>
                <translation lang='en' text='Incrementer 8 Bit'/>
                <translation lang='de' text='Inkrementierer 8-Bit'/>
              </name>
            </containerLibraryElement>
            <containerLibraryElement _id='70' uuid='9eb38fe7-5844-4be6-9192-25104a077b0c'>
              <name>
                <translation lang='en' text='Shifter 8 Bit'/>
                <translation lang='de' text='Shifter 8-Bit'/>
              </name>
            </containerLibraryElement>
            <containerLibraryElement _id='71' uuid='c79ec2d7-ed8a-4be3-b334-49f8a9ee3779'>
              <name>
                <translation lang='en' text='Shifter 16 Bit'/>
                <translation lang='de' text='Shifter 16-Bit'/>
              </name>
            </containerLibraryElement>
            <containerLibraryElement _id='72' uuid='a523d891-bd1a-4b0c-9072-ae6351db6ca7'>
              <name>
                <translation lang='en' text='Comparator 4 Bit'/>
                <translation lang='de' text='Komparator 4-Bit'/>
              </name>
            </containerLibraryElement>
            <containerLibraryElement _id='73' uuid='e5954353-6045-4cad-9e43-cb843fd679fc'>
              <name>
                <translation lang='en' text='Comparator 8 Bit'/>
                <translation lang='de' text='Komparator 8-Bit'/>
              </name>
            </containerLibraryElement>
            <containerLibraryElement _id='74' uuid='c51a1fc5-6a4d-4037-9b4f-0694d84ab54c'>
              <name>
                <translation lang='de' text='Grössenvergleich 4-Bit'/>
                <translation lang='en' text='Magnitue Comparator 4 Bit'/>
              </name>
            </containerLibraryElement>
          </items>
        </libraryFolder>
        <libraryFolder _id='75'>
          <name>
            <translation lang='en' text='Codec'/>
            <translation lang='de' text='Codec'/>
          </name>
          <items>
            <containerLibraryElement _id='76' uuid='326eba0f-e139-4786-b1e8-99610ec33bc9'>
              <name>
                <translation lang='en' text='2-4 Decoder'/>
                <translation lang='de' text='2-4 Dekodierer'/>
              </name>
            </containerLibraryElement>
            <containerLibraryElement _id='77' uuid='4a1729f4-06ee-4683-a65d-ebaef1271d92'>
              <name>
                <translation lang='en' text='3-8 Decoder'/>
                <translation lang='de' text='3-8 Dekodierer'/>
              </name>
            </containerLibraryElement>
            <containerLibraryElement _id='78' uuid='ff6a54e3-7b67-4800-936a-1b213e851790'>
              <name>
                <translation lang='en' text='4-16 Decoder'/>
                <translation lang='de' text='4-16 Dekodierer'/>
              </name>
            </containerLibraryElement>
            <containerLibraryElement _id='79' uuid='d95b72af-a5b6-4c1c-9b43-a4a2f3330589'>
              <name>
                <translation lang='en' text='BCD 7-Seg Decoder'/>
                <translation lang='de' text='BCD 7-Seg Dekodierer'/>
              </name>
            </containerLibraryElement>
            <containerLibraryElement _id='80' uuid='9eab72cb-2347-4bb1-9c22-40911beba7d4'>
              <name>
                <translation lang='en' text='BCD 7-Seg (Hex) Decoder'/>
                <translation lang='de' text='BCD 7-Seg (Hex) Dekodierer'/>
              </name>
            </containerLibraryElement>
            <containerLibraryElement _id='81' uuid='d01256b9-f8cd-49a2-a141-3a4d3aea789a'>
              <name>
                <translation lang='en' text='BCD-DEC Decoder (Neg)'/>
                <translation lang='de' text='BCD-DEC Dekodierer (Neg)'/>
              </name>
            </containerLibraryElement>
            <containerLibraryElement _id='82' uuid='5f7f0e18-de3f-4776-ab82-a74f6fda8c75'>
              <name>
                <translation lang='en' text='4-2 Priority Encoder'/>
                <translation lang='de' text='4-2 Priorität-Kodierer'/>
              </name>
            </containerLibraryElement>
            <containerLibraryElement _id='83' uuid='473fb78a-d491-42bf-a119-c4299979b89d'>
              <name>
                <translation lang='en' text='8-3 Priorität Encoder'/>
                <translation lang='de' text='8-3 Priorität-Kodierer'/>
              </name>
            </containerLibraryElement>
          </items>
        </libraryFolder>
        <libraryFolder _id='84'>
          <name>
            <translation lang='en' text='Flipflops'/>
            <translation lang='de' text='Flipflops'/>
          </name>
          <items>
            <containerLibraryElement _id='85' uuid='d6ab312a-a94b-403a-9291-642295ff29c5'>
              <name>
                <translation lang='en' text='D Flip-Flop'/>
                <translation lang='de' text='D-Flipflop'/>
              </name>
            </containerLibraryElement>
            <containerLibraryElement _id='86' uuid='a1b8c056-8f4b-4ffe-90a9-dbcc321fe733'>
              <name>
                <translation lang='en' text='D Flip-Flop PRE/CRL'/>
                <translation lang='de' text='D-Flipflop PRE/CRL'/>
              </name>
            </containerLibraryElement>
            <containerLibraryElement _id='87' uuid='f5ffee61-6d3e-453e-a352-e702a06b11d2'>
              <name>
                <translation lang='de' text='D-Flipflop PRE/CRL (Neg)'/>
                <translation lang='en' text='D Flip-Flop PRE/CRL (Neg)'/>
              </name>
            </containerLibraryElement>
            <containerLibraryElement _id='88' uuid='e0786c72-2fa2-4ec4-a1de-0a84b7281bec'>
              <name>
                <translation lang='en' text='T Flip-Flop'/>
                <translation lang='de' text='T-Flipflop'/>
              </name>
            </containerLibraryElement>
            <containerLibraryElement _id='89' uuid='e57241a4-0282-4006-9abd-59bbcb16bb87'>
              <name>
                <translation lang='en' text='SR Latch'/>
                <translation lang='de' text='SR Latch'/>
              </name>
            </containerLibraryElement>
            <containerLibraryElement _id='90' uuid='50285a47-f299-4c92-bc2b-c52441dbcce8'>
              <name>
                <translation lang='en' text='SR Flip-Flop'/>
                <translation lang='de' text='SR-Flipflop'/>
              </name>
            </containerLibraryElement>
            <containerLibraryElement _id='91' uuid='54f46f36-85cf-41c9-a63a-b43fe4446742'>
              <name>
                <translation lang='en' text='SR Flip-Flop (Neg)'/>
                <translation lang='de' text='SR Flipflop (Neg)'/>
              </name>
            </containerLibraryElement>
            <containerLibraryElement _id='92' uuid='d34d3483-be1d-432b-a949-7f68e0ee756b'>
              <name>
                <translation lang='en' text='SR Flip-Flop PRE/CLR'/>
                <translation lang='de' text='SR-Flipflop PRE/CLR'/>
              </name>
            </containerLibraryElement>
            <containerLibraryElement _id='93' uuid='9dc3d0a1-b49e-41d1-b298-c043a2f01228'>
              <name>
                <translation lang='en' text='SR Flip-Flop PRE/CLR (Neg)'/>
              </name>
            </containerLibraryElement>
            <containerLibraryElement _id='94' uuid='204aeecf-cdca-4678-8c36-f8a834922966'>
              <name>
                <translation lang='en' text='JK Flip-Flop'/>
                <translation lang='de' text='JK-Flipflop'/>
              </name>
            </containerLibraryElement>
            <containerLibraryElement _id='95' uuid='9631ce5c-fd31-484d-b63a-ef0d9f2b5c58'>
              <name>
                <translation lang='en' text='JK Flip-Flop (Neg)'/>
                <translation lang='de' text='JK-Flipflop (Neg)'/>
              </name>
            </containerLibraryElement>
            <containerLibraryElement _id='96' uuid='5485c628-408c-45ea-9d1e-8d930c8760e7'>
              <name>
                <translation lang='en' text='JK Master-Slave Flip-Flop'/>
                <translation lang='de' text='JK-Master/Slave-Flipflop'/>
              </name>
            </containerLibraryElement>
            <containerLibraryElement _id='97' uuid='048daa5b-de3e-4ae9-a343-e8c355a033dc'>
              <name>
                <translation lang='en' text='JK MS-Flip-Flop PRE/CLR'/>
                <translation lang='de' text='JK-MS-Flipflop PRE/CLR'/>
              </name>
            </containerLibraryElement>
          </items>
        </libraryFolder>
        <libraryFolder _id='98'>
          <name>
            <translation lang='en' text='Plexer'/>
            <translation lang='de' text='Plexer'/>
          </name>
          <items>
            <containerLibraryElement _id='99' uuid='83ba937d-5277-45f2-adff-1abab9207e33'>
              <name>
                <translation lang='en' text='2x 4-4 Multiplexer'/>
                <translation lang='de' text='2x 4-4 Multiplexer'/>
              </name>
            </containerLibraryElement>
            <containerLibraryElement _id='100' uuid='2f202e6b-504f-4a18-b6e9-53f99371b1b9'>
              <name>
                <translation lang='en' text='2x 8-8 Multiplexer'/>
                <translation lang='de' text='2x 8-8 Multiplexer'/>
              </name>
            </containerLibraryElement>
            <containerLibraryElement _id='101' uuid='06e7b5c3-daad-4019-8a8f-945a9215cab6'>
              <name>
                <translation lang='en' text='2x 16-16 Multiplexer'/>
                <translation lang='de' text='2x 16-16 Multiplexer'/>
              </name>
            </containerLibraryElement>
            <containerLibraryElement _id='102' uuid='4fd29ab0-fb62-4f3c-a2c6-54a9c33ac437'>
              <name>
                <translation lang='en' text='4-1 Multiplexer'/>
                <translation lang='de' text='4-1 Multiplexer'/>
              </name>
            </containerLibraryElement>
            <containerLibraryElement _id='103' uuid='7f483f75-3f41-4d89-aef5-ae07afbaf1f7'>
              <name>
                <translation lang='en' text='2-1 Multiplexer'/>
                <translation lang='de' text='2-1 Multiplexer'/>
              </name>
            </containerLibraryElement>
            <containerLibraryElement _id='104' uuid='d5d282d6-21e9-4f1b-9429-75c882213cb3'>
              <name>
                <translation lang='en' text='8-1 Multiplexer'/>
                <translation lang='de' text='8-1 Multiplexer'/>
              </name>
            </containerLibraryElement>
            <containerLibraryElement _id='105' uuid='2cb91fb8-b233-41b5-96b2-e898c9122e68'>
              <name>
                <translation lang='en' text='2x 2-2 Multiplexer'/>
                <translation lang='de' text='2x 2-2 Multiplexer'/>
              </name>
            </containerLibraryElement>
          </items>
        </libraryFolder>
        <libraryFolder _id='106'>
          <name>
            <translation lang='en' text='Counter'/>
            <translation lang='de' text='Zähler'/>
          </name>
          <items>
            <containerLibraryElement _id='107' uuid='2be67615-ff7b-4f4b-a2e1-3fd9ff1d1d97'>
              <name>
                <translation lang='en' text='Sync. Forward Counter 3 Bit'/>
                <translation lang='de' text='Synch. Vorwärtszähler 3-Bit'/>
              </name>
            </containerLibraryElement>
            <containerLibraryElement _id='108' uuid='380a6b70-ca2f-4983-8a45-d2c4de03c7f4'>
              <name>
                <translation lang='en' text='Sync. BCD Counter 4 Bit'/>
                <translation lang='de' text='Synch. BCD-Zähler 4-Bit'/>
              </name>
            </containerLibraryElement>
            <containerLibraryElement _id='109' uuid='0a2995f4-af04-4830-b141-76de188e2e34'>
              <name>
                <translation lang='en' text='Frequency Divider 1:16'/>
                <translation lang='de' text='Frequenzteiler 1:16'/>
              </name>
            </containerLibraryElement>
          </items>
        </libraryFolder>
        <libraryFolder _id='110'>
          <name>
            <translation lang='en' text='74xx'/>
          </name>
          <items>
            <libraryFolder _id='111'>
              <name>
                <translation lang='en' text='Logic Gates'/>
              </name>
              <items>
                <containerLibraryElement _id='112' uuid='d3010ba5-1062-4cf4-b118-7d513aaf13f4'>
                  <name>
                    <translation lang='en' text='SN7400'/>
                  </name>
                </containerLibraryElement>
                <containerLibraryElement _id='113' uuid='171067ef-76c8-4460-9661-a023a328b440'>
                  <name>
                    <translation lang='en' text='SN7402'/>
                  </name>
                </containerLibraryElement>
                <containerLibraryElement _id='114' uuid='7c0ce6e1-9e94-4dd1-a2fe-b6763e1846c8'>
                  <name>
                    <translation lang='de' text='SN7404'/>
                  </name>
                </containerLibraryElement>
                <containerLibraryElement _id='115' uuid='11151f0f-abba-4a14-848d-971df7ef1f9e'>
                  <name>
                    <translation lang='en' text='SN7408'/>
                  </name>
                </containerLibraryElement>
                <containerLibraryElement _id='116' uuid='dd9f3d6e-2886-40aa-8d89-4b4c5e06a62e'>
                  <name>
                    <translation lang='de' text='SN7410'/>
                  </name>
                </containerLibraryElement>
                <containerLibraryElement _id='117' uuid='b24012f0-8bbf-4363-9caf-4098139e8df3'>
                  <name>
                    <translation lang='de' text='SN7411'/>
                  </name>
                </containerLibraryElement>
                <containerLibraryElement _id='118' uuid='8ec24800-9e16-45ac-bdec-886dbaac90e9'>
                  <name>
                    <translation lang='de' text='SN7420'/>
                  </name>
                </containerLibraryElement>
                <containerLibraryElement _id='119' uuid='da4f839d-3285-48e6-9d06-38831ce70154'>
                  <name>
                    <translation lang='de' text='SN7421'/>
                  </name>
                </containerLibraryElement>
                <containerLibraryElement _id='120' uuid='74432798-d666-42c7-a203-ff384293a446'>
                  <name>
                    <translation lang='de' text='SN7427'/>
                  </name>
                </containerLibraryElement>
                <containerLibraryElement _id='121' uuid='54b697dd-55ce-4eb6-a4c0-46f06a46f6b1'>
                  <name>
                    <translation lang='de' text='SN7430'/>
                  </name>
                </containerLibraryElement>
                <containerLibraryElement _id='122' uuid='8270fae0-882f-4b0f-8b5d-257e8e25fbfe'>
                  <name>
                    <translation lang='de' text='SN7432'/>
                  </name>
                </containerLibraryElement>
              </items>
            </libraryFolder>
            <libraryFolder _id='123'>
              <name>
                <translation lang='de' text='Flipflops'/>
              </name>
              <items>
                <containerLibraryElement _id='124' uuid='c2f25bf3-e75a-4d1b-82f7-d3cdb3d6f960'>
                  <name>
                    <translation lang='de' text='SN7473'/>
                  </name>
                </containerLibraryElement>
                <containerLibraryElement _id='125' uuid='a36169bc-d0d9-4586-b92b-cb75bbb80be0'>
                  <name>
                    <translation lang='de' text='SN7474'/>
                  </name>
                </containerLibraryElement>
              </items>
            </libraryFolder>
            <libraryFolder _id='126'>
              <name>
                <translation lang='de' text='Codec'/>
              </name>
              <items>
                <containerLibraryElement _id='127' uuid='b23afe16-999d-4896-8872-3f092d1ed88e'>
                  <name>
                    <translation lang='de' text='SN7442'/>
                  </name>
                </containerLibraryElement>
              </items>
            </libraryFolder>
            <libraryFolder _id='128'>
              <name>
                <translation lang='de' text='Arithmetic and Counters'/>
              </name>
              <items>
                <containerLibraryElement _id='129' uuid='cb0401c9-5db6-4d82-bc48-767dcbabff64'>
                  <name>
                    <translation lang='de' text='SN7485'/>
                  </name>
                </containerLibraryElement>
              </items>
            </libraryFolder>
          </items>
        </libraryFolder>
      </items>
    </libraryFolder>
  </folder>
  <desc>
    <translation lang='en' text='Contains built-in components and some commonly used subcircuits'/>
    <translation lang='de' text='Enthält alle eingebauten Komponenten sowie einige gebräuchliche Teilschaltungen'/>
  </desc>
</library>