<?xml version='1.0' encoding='UTF-8'?>
<library _id='0' uuid='6409db98-d3bb-474a-ba90-f5b9360009fa' author='7e840175-f9c4-4886-a221-ef91e3493e27' imports='6707f981-110d-4629-a0bf-c35a4688025c'>
  <folder>
    <libraryFolder _id='1'>
      <name>
        <translation lang='en' text='SN 74xx'/>
      </name>
      <items>
        <libraryFolder _id='2'>
          <name>
            <translation lang='en' text='Logic Gates'/>
          </name>
          <items>
            <containerLibraryElement _id='3' uuid='d3010ba5-1062-4cf4-b118-7d513aaf13f4'>
              <name>
                <translation lang='en' text='SN7400'/>
              </name>
            </containerLibraryElement>
            <containerLibraryElement _id='4' uuid='171067ef-76c8-4460-9661-a023a328b440'>
              <name>
                <translation lang='en' text='SN7402'/>
              </name>
            </containerLibraryElement>
            <containerLibraryElement _id='5' uuid='7c0ce6e1-9e94-4dd1-a2fe-b6763e1846c8'>
              <name>
                <translation lang='de' text='SN7404'/>
              </name>
            </containerLibraryElement>
            <containerLibraryElement _id='6' uuid='11151f0f-abba-4a14-848d-971df7ef1f9e'>
              <name>
                <translation lang='en' text='SN7408'/>
              </name>
            </containerLibraryElement>
            <containerLibraryElement _id='7' uuid='dd9f3d6e-2886-40aa-8d89-4b4c5e06a62e'>
              <name>
                <translation lang='de' text='SN7410'/>
              </name>
            </containerLibraryElement>
            <containerLibraryElement _id='8' uuid='b24012f0-8bbf-4363-9caf-4098139e8df3'>
              <name>
                <translation lang='de' text='SN7411'/>
              </name>
            </containerLibraryElement>
            <containerLibraryElement _id='9' uuid='8ec24800-9e16-45ac-bdec-886dbaac90e9'>
              <name>
                <translation lang='de' text='SN7420'/>
              </name>
            </containerLibraryElement>
            <containerLibraryElement _id='10' uuid='da4f839d-3285-48e6-9d06-38831ce70154'>
              <name>
                <translation lang='de' text='SN7421'/>
              </name>
            </containerLibraryElement>
            <containerLibraryElement _id='11' uuid='74432798-d666-42c7-a203-ff384293a446'>
              <name>
                <translation lang='de' text='SN7427'/>
              </name>
            </containerLibraryElement>
            <containerLibraryElement _id='12' uuid='54b697dd-55ce-4eb6-a4c0-46f06a46f6b1'>
              <name>
                <translation lang='de' text='SN7430'/>
              </name>
            </containerLibraryElement>
            <containerLibraryElement _id='13' uuid='8270fae0-882f-4b0f-8b5d-257e8e25fbfe'>
              <name>
                <translation lang='de' text='SN7432'/>
              </name>
            </containerLibraryElement>
            <containerLibraryElement _id='14' uuid='a8ece8f7-99af-4487-bc9d-b874da6f49f5'>
              <name>
                <translation lang='en' text='SN7451'/>
              </name>
            </containerLibraryElement>
          </items>
        </libraryFolder>
        <libraryFolder _id='15'>
          <name>
            <translation lang='de' text='Flipflops'/>
          </name>
          <items>
            <containerLibraryElement _id='16' uuid='c2f25bf3-e75a-4d1b-82f7-d3cdb3d6f960'>
              <name>
                <translation lang='de' text='SN7473'/>
              </name>
            </containerLibraryElement>
            <containerLibraryElement _id='17' uuid='a36169bc-d0d9-4586-b92b-cb75bbb80be0'>
              <name>
                <translation lang='de' text='SN7474'/>
              </name>
            </containerLibraryElement>
            <containerLibraryElement _id='18' uuid='0e9bb912-8c26-4b77-9e13-a2d63498d128'>
              <name>
                <translation lang='en' text='SN7475'/>
              </name>
            </containerLibraryElement>
          </items>
        </libraryFolder>
        <libraryFolder _id='19'>
          <name>
            <translation lang='de' text='Codec'/>
          </name>
          <items>
            <containerLibraryElement _id='20' uuid='b23afe16-999d-4896-8872-3f092d1ed88e'>
              <name>
                <translation lang='de' text='SN7442'/>
              </name>
            </containerLibraryElement>
          </items>
        </libraryFolder>
        <libraryFolder _id='21'>
          <name>
            <translation lang='de' text='Arithmetic and Counters'/>
          </name>
          <items>
            <containerLibraryElement _id='22' uuid='cb0401c9-5db6-4d82-bc48-767dcbabff64'>
              <name>
                <translation lang='de' text='SN7485'/>
              </name>
            </containerLibraryElement>
            <containerLibraryElement _id='23' uuid='34b9855c-8342-44d4-a5d7-9220b58c0808'>
              <name>
                <translation lang='de' text='SN74283'/>
              </name>
            </containerLibraryElement>
          </items>
        </libraryFolder>
      </items>
    </libraryFolder>
  </folder>
  <desc>
    <translation lang='en' text='Contains built-in components and some commonly used subcircuits'/>
    <translation lang='de' text='Enthält alle eingebauten Komponenten sowie einige gebräuchliche Teilschaltungen'/>
  </desc>
</library>